<?xml version="1.0" encoding="UTF-8"?><?xml-stylesheet type='text/xsl' href='_UpgradeReport_Files/UpgradeReport.xslt'?><UpgradeLog>
<Properties><Property Name="Solution" Value="SPDIFKeepAlive">
</Property><Property Name="Solution File" Value="C:\Documents and Settings\Rhys.Goodwin\My Documents\Visual Studio 2008\Projects\SPDIFKeepAlive\SPDIFKeepAlive.sln">
</Property><Property Name="Date" Value="Wednesday, June 08, 2011">
</Property><Property Name="Time" Value="22:02 PM">
</Property></Properties><Event ErrorLevel="0" Project="SPDIFKeepAlive" Source="SPDIFKeepAlive\SPDIFKeepAlive.csproj" Description="Project converted successfully">
</Event><Event ErrorLevel="3" Project="SPDIFKeepAlive" Source="SPDIFKeepAlive\SPDIFKeepAlive.csproj" Description="Converted">
</Event><Event ErrorLevel="0" Project="" Source="SPDIFKeepAlive.sln" Description="Solution converted successfully">
</Event><Event ErrorLevel="3" Project="" Source="SPDIFKeepAlive.sln" Description="Converted">
</Event><Event ErrorLevel="0" Project="SPDIFKeepAlive" Source="SPDIFKeepAlive\SPDIFKeepAlive.csproj" Description="Scan complete: Upgrade not required for project files.">
</Event></UpgradeLog>